61rOtseYwGE8lUgPRTCi,"[0.0,0.0288907488565,0.00898953081232,0.258543145825,0.0507279915078,0.0126169419446,0.517215426355,0.00547973637616,0.0904442234024,0.0270922549202]",6.0
DicCRQeqfZvB5OYslt4L,"[0.0,0.095,0.0375,0.151666666667,0.0,0.0,0.115,0.035,0.0675,0.498333333333]",9.0
frLD0F7HvGAwkdWKsNYU,"[0.0,0.00540318302387,0.000416666666667,0.85190020157,0.000387019230769,0.000431623931624,0.0691966061955,0.00132692307692,0.0250275198939,0.0459102564103]",3.0
jOPwcHh7kyFaB4Yv8SMU,"[0.0,0.0211142615713,0.0169627659574,0.02,0.000392769655345,0.000106382978723,0.0557038103201,0.0136441039383,0.0112114726436,0.860864432935]",9.0
51NK2bWwuvf6rH7RTCPk,"[0.0,0.0566666666667,0.895,0.005,0.0,0.0,0.015,0.00833333333333,0.0,0.02]",2.0
1d485UYC6qhXKrAcDJPZ,"[0.0,0.631860450541,0.115048543689,0.01,4.80769230769e-05,4.80769230769e-05,0.0500855807264,0.0625862068966,0.00532306430091,0.125]",1.0
5yeOrl2fKasq6BnStQ4G,"[0.0,0.0151583837511,0.98275,0.0,0.0,5.61797752809e-05,9.61538461538e-05,0.0,0.00193928262748,0.0]",2.0
bHWMjO0rqSp9D3mTIfgP,"[0.0,0.005,0.0,0.969285714286,0.0,0.0,0.00821428571429,0.0,0.01,0.0075]",3.0
AgfxJMKRqbt0SnsjN2yQ,"[0.0,0.0682602522252,0.005,0.0357142857143,0.000781712330154,0.0,0.142092483288,0.0100568181818,0.00684404258196,0.731250405678]",9.0
Hps7JhzwjlOAkMXKP92n,"[0.0,0.0,0.0,0.99,0.0,0.0,7.46268656716e-05,0.0,0.005,0.00492537313433]",3.0
9MUbAjTmtNyZ5cLnlxRg,"[0.0,0.0280192599363,0.0181566239316,0.282092193866,0.00745206713836,0.0183997192421,0.565623660526,0.00324117428465,0.0302058383158,0.0468094627595]",6.0
craPXWx5M90jq1smZoKA,"[0.0,0.0937928065268,0.0168607421588,0.0358264876974,0.528843870185,0.0118764481162,0.252485115923,0.0015222298541,0.0469480553988,0.0118442441397]",4.0
AULFdkoH9Tl5GIBu1jwp,"[0.0,0.0171523809524,0.0006,0.870124054622,0.00093244047619,0.000988235294118,0.066387202381,0.001,0.0293823529412,0.0134333333333]",3.0
ag50qP4ZzQo1eOVErXdp,"[0.0,0.0,0.0,0.995,0.0,0.0,0.0,0.0,0.0,0.005]",3.0
9CNTobS2LlmuWiK8V054,"[0.0,0.0133926439462,8.33333333333e-05,0.0,0.00717531562919,0.000241841491841,0.0275861942452,0.000267678765503,0.00659354205977,0.944659450529]",9.0
hK7qMc3ZHmF5e4bLfCOj,"[0.0,0.680398657557,0.0676915484754,0.0164356470469,0.0183982576949,0.0177935338512,0.0868583839416,0.00414819942693,0.0806530313132,0.0276227406925]",1.0
DvCqbn37xi5YRwaP19NJ,"[0.0,0.00505555555556,0.000176518883415,0.0,0.0,0.0,0.00013986013986,6.09756097561e-05,0.989567089811,0.005]",8.0
9fyAiTPMpZvqX6Khnb7V,"[0.0,0.005,0.0,0.97125,0.0005,0.0,0.00825,0.0,0.005,0.01]",3.0
8lTjbp3rnwtLh104E57v,"[0.0,0.13793748418,0.0631638342175,0.00933604826546,0.0279914492014,0.0131163969806,0.0743534196786,0.0595336636206,0.544086041828,0.0704816620271]",8.0
bv60XkYZsCKHa3NgFUDr,"[0.0,0.00475806451613,0.0,0.985,0.005,0.000241935483871,0.005,0.0,0.0,0.0]",3.0
kDyOh6d8WQNTEoxJYUg1,"[0.0,0.0300847457627,0.02,0.18,0.00525423728814,0.01,0.342831990141,0.01,0.0101470588235,0.391681967985]",9.0
AbLUSYiJdvfPVp6gxn0N,"[0.0,0.0,0.000555555555556,0.972222222222,0.000277777777778,0.000833333333333,0.005,0.005,0.00555555555556,0.0105555555556]",3.0
5dNsph6uJltkZMLzTP0w,"[0.0,0.02,0.925,0.0,0.0,0.0,0.01,0.01,0.01,0.025]",2.0
BMjeIFGzP6U7qpW8YAHC,"[0.0,5.55555555556e-05,0.000176518883415,0.005,0.0,0.0,0.0151398601399,0.0,0.979628065421,0.0]",8.0
KF7NGoQSk8v9OE0nrwy2,"[0.0,0.076328176446,0.00513187702265,0.000375,0.0113387771677,0.000113636363636,0.0533941050294,0.00364487174796,0.0225071607283,0.827166395494]",9.0
2lUahz5WrDpB6ejTcYtL,"[0.0,0.0,1.0,0.0,0.0,0.0,0.0,0.0,0.0,0.0]",2.0
cOpJEz3VFlqX7dZDxUYn,"[0.0,0.0452001013171,0.900597381342,0.0,0.005,0.000106382978723,0.0167021276596,0.000106382978723,0.000485055724417,0.0318025679994]",2.0
1DNWriJEg56S03yvjTBu,"[0.0,0.358298078025,0.21,0.025625,0.0,0.01,0.0991413702468,0.05125,0.0407640778534,0.204921473875]",1.0
CkOT69iQsaLAGq8mYEeV,"[0.0,0.00274603969247,0.00549019607843,0.94437863939,0.00518207282913,0.00093137254902,0.0277033500016,0.0,0.00756832945944,0.006]",3.0
GLW9Re0OVAhCr4TUqkZD,"[0.0,0.0404840017469,0.005,0.035,0.0136682157828,0.0,0.152661813519,0.000120109321059,0.0201877192982,0.732878140332]",9.0
jUMquAi2SlGwP5bv6tWg,"[0.0,0.0,0.0,0.975,0.0,0.0,0.02,0.0,0.005,0.0]",3.0
gJUH7QfewoGm5qITLVcx,"[0.0,0.349897959184,0.13,0.0416666666667,0.0,0.0,0.0956153846154,0.0516666666667,0.0611533228676,0.27]",1.0
fi4BrAl2QgjNsaubUJSE,"[0.0,0.868102764896,0.0351855299907,0.000166666666667,0.00267803472898,0.000380838976839,0.0274341415623,0.000130066545675,0.0307887562499,0.0351332003833]",1.0
7wFaWUhcDgonLtQdqpy2,"[0.0,0.0141036977207,0.00875,0.713468586066,0.0114634063853,0.0161564171123,0.0985760986575,7.8125e-05,0.0379505440586,0.099453125]",3.0
2w9vSPLphY6jDmQlX3yb,"[0.0,0.905101450929,0.0350948399856,0.0,4.80769230769e-05,0.000346192182229,0.040480263937,0.00513006654567,0.00849393301761,0.00530517647935]",1.0
23DYuzrdOnl7UFyCAtk5,"[0.0,0.00030303030303,0.0,0.986060606061,0.00030303030303,0.0,0.00833333333333,0.0,0.005,0.0]",3.0
9eKQwWVFlonXmSTaG5jH,"[0.0,0.015,0.95,0.005,0.0,0.0,0.0,0.005,0.01,0.015]",2.0
9NxCbYysSItW45mOkXhv,"[0.0,0.0,0.0,0.98125,0.0005,0.0,0.01825,0.0,0.0,0.0]",3.0
fQRdkX2ahe0tOc5ysNU8,"[0.0,0.025,0.9,0.02,0.0,0.0,0.02,0.005,0.01,0.02]",2.0
eBST0wXfIAqj86r9VY5b,"[0.0,0.00030303030303,0.00622159090909,0.944020562771,0.00113636363636,0.0,0.0259972459133,0.0,0.0053125,0.0170087064677]",3.0
1LE6uK9BdgNXIcSTnrMJ,"[0.0,0.804047870715,0.0667196429801,0.005,0.000114743589744,0.000277306343748,0.0611663618145,0.00218089396884,0.0113804687785,0.0491127118096]",1.0
2XL3TUHZNYkuvS0n5KpC,"[0.0,0.0,0.0,0.99,0.0,0.0,0.00833333333333,0.0,0.00166666666667,0.0]",3.0
GOVHJNpe2hzRrPc1LFZw,"[0.0,0.852972065203,0.0700462962963,0.005,0.000114743589744,0.00505571599175,0.0253676176835,0.00263006654567,0.0284136542621,0.0103998404282]",1.0
G7DQnb0fcE62usXeAmIN,"[0.0,0.0,0.0,0.9855,0.003625,0.0,0.000375,0.0,0.000375,0.010125]",3.0
84rjJmfPEVRbCDo3v27K,"[0.0,0.01,0.005,0.969722222222,0.0,0.000277777777778,0.015,0.0,0.0,0.0]",3.0
DZGpVNe2idLjnY07IcyF,"[0.0,0.0,0.0,0.972083333333,0.000833333333333,0.0,0.015,0.0,0.0,0.0120833333333]",3.0
h8N2BCGYqs1mRnuEgTZi,"[0.0,0.0,0.005,0.985,0.0,0.0,0.005,0.0,0.005,0.0]",3.0
aK2me78giLTzX5SCkOvd,"[0.0,0.0,0.0,0.9855,0.003625,0.0,0.000375,0.0,0.000375,0.010125]",3.0
DrLmeljpNJUBO3q5gQTC,"[0.0,0.851062162804,0.109594839986,0.0,0.00504807692308,0.000104256698358,0.0114899666913,0.000130066545675,0.0103117685926,0.012258861759]",1.0
jUK5O9P6bJSAiMD0ofQy,"[0.0,0.733796838741,0.0237198399856,0.000722222222222,0.0103689808779,0.0236579925349,0.0660926938936,0.0105266910182,0.0317623744858,0.099352366241]",1.0
Im34xwvrNE5U2FGfuSCH,"[0.0,0.832061429928,0.0355247341655,0.00547619047619,0.000129957805907,0.0151932489451,0.0496886601919,0.000130066545675,0.0211465904424,0.0406491214992]",1.0
iK9ovZhBJCDH0T34dtI5,"[0.0,0.025,0.94,0.015,0.0,0.0,0.005,0.01,0.005,0.0]",2.0
ILkqxFMRCnTa465lyJtG,"[0.0,0.0,0.0,0.99,0.00015625,0.0,0.00484375,0.0,0.005,0.0]",3.0
jcWrJ2ePHw0LxBQYmaDh,"[0.0,0.577730793594,0.00337276827863,0.00641709401709,0.0191491286472,0.0141368440828,0.0961882769287,0.00597109861215,0.0122014229574,0.264832572882]",1.0
5ywj3ePIlUD12EkxZtYF,"[0.0,0.0,0.00349758085052,0.970770308123,0.000735294117647,0.000441176470588,0.0115234275528,0.000147058823529,0.00764705882353,0.0052380952381]",3.0
0GVcTdBQXWUJ2t7vjphN,"[0.0,0.0,0.005,0.955,0.0,0.0,0.005,0.0,0.01,0.025]",3.0
7MOSHZDbnxzfhyAmqjYl,"[0.0,0.032269510311,0.0348511014555,0.0115547098036,0.594308198317,0.0196891930819,0.217938579354,0.00658648578421,0.0684771446715,0.0143250772218]",4.0
0RSW8EmilbznyYPIrgvD,"[0.0,0.0,0.0,0.965,0.0,0.0,0.025,0.005,0.0,0.005]",3.0
hsNbP67uBJjwyXVpcRqY,"[0.0,0.0,0.0,0.965833333333,0.00111111111111,0.0,0.0227777777778,0.0,0.00527777777778,0.005]",3.0
53e8nxzqup6jYD9BthJA,"[0.0,0.0,0.0,0.995,0.0,0.0,0.0,0.0,0.005,0.0]",3.0
Ao2BOaDcrdZ8xLJt4Xes,"[0.0,0.000125,0.0,0.970339285714,0.006125,0.00214285714286,0.0143392857143,0.0,0.00108928571429,0.00583928571429]",3.0
cqbl04edW5DXrZ8hf9v7,"[0.0,0.0,0.0,0.966785714286,0.0,0.000178571428571,0.0130357142857,0.005,0.0,0.015]",3.0
EeY2GNUFngl7CdaDjZf0,"[0.0,0.0104031830239,0.00541666666667,0.92014424919,0.000387019230769,0.000431623931624,0.0261608919098,7.69230769231e-05,0.0160691865606,0.0209102564103]",3.0
h1Dy5qSUbYtfL7AM3a2l,"[0.0,0.0,0.005,0.9859375,0.0,0.0015625,0.0025,0.0,0.005,0.0]",3.0
b4o8xqvChYEO6mZdDtzK,"[0.0,0.0002,0.000714285714286,0.9531,0.00142857142857,0.0,0.0338428571429,0.0,0.01,0.000714285714286]",3.0
8NYnzWmyo10T7tH36GQq,"[0.0,0.00192307692308,0.0,0.987307692308,0.0,0.0,0.005,0.0,0.00576923076923,0.0]",3.0
8radu4yWPiZsAQC6bJSK,"[0.0,0.0171523809524,0.0006,0.880124054622,0.00093244047619,0.000988235294118,0.061387202381,0.001,0.0293823529412,0.00843333333333]",3.0
aAPj7tsm9RKdiQc0BnM3,"[0.0,0.00439331746621,0.00639285714286,0.0,0.0236125866915,0.000113636363636,0.0281439831458,0.000267678765503,0.0301173515836,0.906958588841]",9.0
602shC5njSE4yHNZ3QFM,"[0.0,0.0280123876056,0.01,0.0488392857143,0.000828445900207,0.000113636363636,0.147091850181,0.0163068181818,0.0174653372961,0.731342238757]",9.0
3NZJCsnHq1zpoF72dt6y,"[0.0,0.0,0.0,0.965,0.005,0.0,0.01,0.0,0.0,0.02]",3.0
5euYnhWJHK13wq4VgdcL,"[0.0,0.005,0.0,0.961866666667,0.0,0.0002,0.0146,0.0,0.00333333333333,0.015]",3.0
1x2u5Ws7tzFRAgyqoJBV,"[0.0,0.0148076923077,0.94,0.0,4.80769230769e-05,4.80769230769e-05,0.02,0.005,9.61538461538e-05,0.02]",2.0
KAEeGNIw967T5pHFhMQd,"[0.0,0.894862131091,0.0357638888889,0.000166666666667,0.000114743589744,0.00562277446071,0.0160927050961,0.000130066545675,0.021785095321,0.0254619283403]",1.0
LGbDxkN6wV9TedtYchBA,"[0.0,0.0164512638567,0.0668975640355,0.00086974789916,0.681855853804,0.00289920397893,0.0463893529668,0.0755473370379,0.0952619351496,0.0138277412715]",4.0
bWDzeRVOdvC0L6F34EAB,"[0.0,0.086410393268,0.0150485436893,0.0557104863222,0.000997770345596,0.0103067765568,0.556907182683,0.005,0.0371188471349,0.2325]",6.0
BizuIl5W3K6fAoqSZnyX,"[0.0,0.0600314685315,0.889846153846,0.015,0.0,0.0,0.01,0.0,0.0101223776224,0.015]",2.0
dJwlcq0EsPRymQWS9X6v,"[0.0,0.76718155463,0.0324859545512,0.0126612903226,0.00155533749331,0.0247325670874,0.0624595653733,0.00584435225996,0.0465268469896,0.0465525312928]",1.0
AaNMcn6PxdZX5lwfz8qr,"[0.0,0.0700506503254,0.0257016722493,0.00600635073081,0.128270959745,0.0189417197468,0.588479024393,0.010093432045,0.120352329496,0.0321038612673]",6.0
hDNYlkuFK3cOtqEywM6f,"[0.0,0.0,0.000909090909091,0.951590909091,0.00965625,0.0,0.02834375,0.0,0.0075,0.002]",3.0
27V4S1ncC3fj0gitGuDI,"[0.0,0.0318659696313,0.0355584101595,0.0123603352977,0.284352397363,0.0116490914046,0.508407328514,0.00495726486602,0.094571590411,0.0162776123522]",6.0
IHyNhQvYnwlsr2fpOMXL,"[0.0,0.0527978024423,0.007332130099,0.189247619245,0.023412656729,0.0256169312882,0.616457221346,0.00719026269195,0.0366467997752,0.041298576383]",6.0
hFPYH9M5UTJpLEx68B0o,"[0.0,0.876241146327,0.030231826287,0.0,0.00517803472898,0.000539441127376,0.0250524233734,8.62068965517e-05,0.0323802086467,0.0302907126125]",1.0
FBrgMHOAi6txEZLU5ezT,"[0.0,0.00025,0.0,0.975375,0.0,0.0,0.008125,0.0,0.01125,0.005]",3.0
BIap4xmSvgMCdRHno75O,"[0.0,0.826241697077,0.0114808006536,0.00266666666667,0.00226161858974,0.0107011297898,0.0601253770753,0.00467663517313,0.0225349161819,0.0593111587932]",1.0
4pRhWmnacfFAsg1HZCbO,"[0.0,0.0133264988744,0.0100833333333,0.0,0.028606598703,0.000113636363636,0.0286447203842,0.0102676787655,0.0298833024084,0.879074231168]",9.0
cAPwa3zSIr7lvLVMpE2h,"[0.0,0.0500625,0.005,0.176339285714,0.011815920398,0.0,0.132741010139,0.0263132911392,0.0356996268657,0.562028365744]",9.0
dB4bEcHq15Xsnr7NQofV,"[0.0,0.00481012658228,0.005,0.977083333333,0.000833333333333,0.0,0.01,0.0,0.000189873417722,0.00208333333333]",3.0
J0fY3O5lUmuNqVPBDRKn,"[0.0,0.0149472267723,0.0377700538551,0.00316853915479,0.823686858278,0.00355342510373,0.0447197664873,0.00997002450585,0.0600234411607,0.00216066468254]",4.0
jaUTIBe2KchQo3AlCWwE,"[0.0,0.0002,0.0,0.9765375,0.00015625,0.0,0.01310625,0.0,0.0,0.01]",3.0
JinokfgIrdpe8t1aTVmy,"[0.0,0.105896651877,0.0435473082988,0.0143333333333,0.0404304204557,0.0011925995945,0.0859029176443,0.0115792720352,0.107644143458,0.589473353304]",9.0
IxQyphN8rDiOn3dYsjS6,"[0.0,0.001,0.00133333333333,0.9714,0.0002,0.000666666666667,0.0094,0.0,0.000666666666667,0.0153333333333]",3.0
7iBzbqPVIRTUjAJDn9cW,"[0.0,0.01,0.00850985221675,0.0,0.0,0.0,0.0218065268065,0.0,0.959683620977,0.0]",8.0
kczYF5vSxW3ZrilfJesd,"[0.0,0.00511740165105,0.0215726138628,0.000989450127877,0.87026515236,0.00276558435681,0.0591577433057,0.00464587522517,0.0347171314911,0.000769047619048]",4.0
6SpFHDUdJql8rbcZ0YIv,"[0.0,0.005,0.005,0.974583333333,0.000833333333333,0.0,0.0,0.0,0.01,0.00458333333333]",3.0
jSMI8XxFJhHAWa15GozR,"[0.0,0.00521180555556,0.000176518883415,0.0,0.0059375,0.0,0.00904611013986,6.09756097561e-05,0.974567089811,0.005]",8.0
cKNi1Aqz6XBmtwRheu9T,"[0.0,0.00576923076923,0.0,0.970096153846,0.000833333333333,0.0,0.00717948717949,0.0,0.0139102564103,0.00221153846154]",3.0
GVeSwJETaiBybNsg87xC,"[0.0,0.0,0.00047619047619,0.987976190476,0.0,0.0,0.00380952380952,0.0,0.0025,0.0052380952381]",3.0
1gYyAWCIEbGBJaMHL0k2,"[0.0,0.00796872082166,0.000542088840212,0.0,0.000407586763519,0.00519607843137,0.00154611755808,0.0,0.978677583533,0.00566182405165]",8.0
cqTRnE2K9ZGLglDdHbrv,"[0.0,0.0,0.0,0.965,0.0,0.0,0.025,0.0,0.0,0.01]",3.0
7gHTtFxNLbe4DCq2wj5X,"[0.0,5.55555555556e-05,0.000176518883415,0.0,0.0,0.0,0.00513986013986,6.09756097561e-05,0.994567089811,0.0]",8.0
Bn4qL6IGzW7xPaiy5kFN,"[0.0,0.870328797011,0.0491021755044,0.00556666666667,0.00424420565442,0.00110667907361,0.020846473285,0.00100043691604,0.0174353415645,0.030369224324]",1.0
9akqIEt8KZylpiAW3gbB,"[0.0,0.035,0.92,0.01,0.0,0.0,0.01,0.005,0.0,0.02]",2.0
DfSa4jlAyFPkXQpTbUoY,"[0.0,0.337087993026,0.0461554686092,0.00759178017964,0.163803098491,0.039579984519,0.222819977637,0.00864830162834,0.155176148385,0.0191372475248]",1.0
AK8ZjCh1nXIzygf2s3Tv,"[0.0,0.0758967926849,0.0405854552051,0.00114050387597,0.0333068504664,0.00099569921804,0.618381903522,0.016258802004,0.0639523324363,0.149481660587]",6.0
6F3Dj4qM15tKvNTEoQlP,"[0.0,0.0,0.0,0.975,0.0,0.0,0.01,0.0,0.0,0.015]",3.0
6bYIkx5eMoRHJ9XB1QN4,"[0.0,0.015,0.96,0.0,0.0,0.0,0.005,0.0,0.015,0.005]",2.0
981OxmWynXIJEiSTGhMf,"[0.0,0.00740521978022,0.000119047619048,0.93265491453,0.00707738095238,0.000277777777778,0.0204821428571,0.0,0.0116204212454,0.0203630952381]",3.0
EoLuvjUwHXh2saIBzQb0,"[0.0,0.015,0.98,0.0,0.0,0.0,0.0,0.005,0.0,0.0]",2.0
f9E4HBYXeghm8ViJaKbr,"[0.0,0.01,0.97,0.0,0.0,0.0,0.01,0.005,0.0,0.005]",2.0
gSrYQn4hJRdj1xEc26wM,"[0.0,0.0,0.005,0.99,0.0,0.0,0.0,0.0,0.005,0.0]",3.0
BoQniFqe8vAE19rXDy6L,"[0.0,0.0617324088803,0.00636389717177,0.225669773785,0.00932871705755,0.02974064822,0.577401359462,0.000108695652174,0.0216281054809,0.0680263942901]",6.0
E1hdL4PQ5l3Gc82vyeAT,"[0.0,0.0300769230769,0.929846153846,0.005,0.0,0.0,0.0125,0.0025,0.00507692307692,0.015]",2.0
2SofB197xJ3CKhuiIWVQ,"[0.0,0.0250769230769,0.954846153846,0.0,0.0,0.0,0.01,0.005,7.69230769231e-05,0.005]",2.0
e10PUY97MwByIDjA8LEF,"[0.0,0.0154156100238,0.0203479010926,0.0175416666667,0.0134421879826,0.0102849544073,0.643781753126,0.029323714522,0.0312494762799,0.218612735899]",6.0
21S5IzZvPWd0MQr9yoq4,"[0.0,0.01,0.985,0.0,0.0,0.0,0.0,0.0,0.0,0.005]",2.0
cikBKN2eQY8WXfCHvnI7,"[0.0,0.0,0.0,0.961875,0.00015625,0.0015625,0.0106919642857,0.005,0.005,0.0157142857143]",3.0
4oO6pblrTA1DJsQChzqc,"[0.0,0.0453191489362,0.890837765957,0.0,0.0,0.000106382978723,0.00607712765957,0.0201063829787,0.00542553191489,0.0321276595745]",2.0
2Tlr63msziCjLuBtvZDa,"[0.0,0.0,0.000555555555556,0.987222222222,0.000277777777778,0.000833333333333,0.01,0.0,0.000555555555556,0.000555555555556]",3.0
7sNR0UFCQniz8vbhVpIo,"[0.0,0.0415668076909,0.0165862350259,0.0793201866015,0.0764137625346,0.021317246538,0.692565234031,0.00108997012483,0.0516870940115,0.0194534634421]",6.0
Gh06DE8T1zeKQ3vxjbpo,"[0.0,0.015,0.94,0.01,0.0,0.0,0.005,0.005,0.015,0.01]",2.0
J0DAPdNqMUiQaThtKyGZ,"[0.0,0.0,0.0,0.985,0.0,0.0,0.01,0.0,0.005,0.0]",3.0
h7eLbvRPOmF8GWnSV0td,"[0.0,5.55555555556e-05,0.000176518883415,0.0,0.0,0.0,0.00013986013986,6.09756097561e-05,0.999567089811,0.0]",8.0
ars37RzMbl29xdBcNofe,"[0.0,0.005,0.0,0.938993055556,0.00648958333333,0.000277777777778,0.02715625,0.0,0.015,0.00708333333333]",3.0
FhxiaMwrVAfXKq7NYkvU,"[0.0,5.55555555556e-05,0.000176518883415,0.0,0.0,0.0,0.00013986013986,6.09756097561e-05,0.999567089811,0.0]",8.0
dLbutyFNmW7nfhUiE4cr,"[0.0,0.00257692307692,0.986,0.0,0.0,0.0,9.61538461538e-05,0.0,0.00632692307692,0.005]",2.0
198PdXRpGVZAzYxCrF0e,"[0.0,0.0304838883778,0.025,0.015,0.00289322302959,0.0,0.0715857796205,0.0151201093211,0.0251470906338,0.814769909017]",9.0
iJwSVZNB6Qf3jdC0oAXI,"[0.0,0.0347528490028,0.921471153846,0.0,0.0,0.0,0.020349537037,0.0,0.016926460114,0.0065]",2.0
17kCoALmxaXpcNzd5KnE,"[0.0,0.0002,0.00113095238095,0.939647619048,0.00142857142857,0.005,0.0306285714286,0.0,0.0104166666667,0.0115476190476]",3.0
4LsvXaUIKgdBoi7CqyrT,"[0.0,0.00535714285714,0.0,0.969794642857,0.00015625,0.000714285714286,0.01790625,0.0,0.00107142857143,0.005]",3.0
dUg3juznXokGEycCO5Mx,"[0.0,0.148177475349,0.0425985191819,0.00445833333333,0.0672118610364,0.0144573482073,0.100471075175,0.0563884458637,0.125464796304,0.440772145549]",9.0
c4jU5YD9AmPipweFb7lO,"[0.0,0.113706678467,0.628508614973,0.00378282828283,0.0339615370355,0.00659692671395,0.0733898702612,0.0125102481049,0.0923987678085,0.0351445283534]",2.0
baDqk1ZjVdSAOPeBMf75,"[0.0,0.0,0.0,0.985,0.0,0.0,0.0,0.005,0.0,0.01]",3.0
bNgISHR9Mt8ZzjyJXGUs,"[0.0,0.0330979455699,0.0152960992908,0.0,0.00804248087136,0.000106382978723,0.0152303276487,0.000317243562408,0.037647356921,0.890262163157]",9.0
EKswVBcd1UWjLfukhSF5,"[0.0,0.005,0.000357142857143,0.978511904762,0.000833333333333,0.00142857142857,0.00178571428571,0.005,0.0,0.00708333333333]",3.0
ImYuWLtgbiXwRf70oAaD,"[0.0,0.00296872082166,0.000542088840212,0.0,0.000407586763519,0.000196078431373,0.00404611755808,0.00506097560976,0.978616607924,0.00816182405165]",8.0
1QwaNAKMEpI9kb0oYzuJ,"[0.0,0.0,0.0,0.998571428571,0.0,0.0,0.0,0.0,0.00142857142857,0.0]",3.0
I5nFDOpfAxyK3CStBieU,"[0.0,0.0492879899604,0.0280228847855,0.0302628969141,0.100739043488,0.0153586069687,0.643065635846,0.026547037367,0.0900026323902,0.0167132722805]",6.0
kKBJnDycpQmzPol5OU6Z,"[0.0,0.02,0.955,0.0,0.0,0.0,0.01,0.0,0.005,0.01]",2.0
JufSg9mpGi1dVZ0C7zWA,"[0.0,0.0105549753816,0.0169967347289,0.000770308123249,0.0199923955255,0.000637254901961,0.0323270674057,0.0110314086796,0.904938084112,0.0027517711416]",8.0
3ufcA2y6mtDTZFXiIoL8,"[0.0,0.005,0.00590909090909,0.960028409091,0.00015625,0.0,0.01390625,0.005,0.005,0.005]",3.0
gqm9zEewrY2hDRBTixs6,"[0.0,0.0909073001494,0.0570152417365,0.00673749371543,0.0382895958889,0.00179760253978,0.048487922903,0.0219743988981,0.695137150781,0.0396532933883]",8.0
7K1zacbZA3HIjStR6kOs,"[0.0,0.50835248358,0.109047619048,0.03,0.0,0.01,0.0827761904762,0.0359195402299,0.0363333333333,0.187570833333]",1.0
3kHFsxKyZQgt9iX6ONrp,"[0.0,0.422497090197,0.177879354241,0.00891845835324,0.00809546365905,0.00133371717257,0.104907210136,0.00958896306884,0.235959756596,0.0308199865771]",1.0
G1ab9rZ2SFOshYk74yxB,"[0.0,0.791277631151,0.0867768676354,0.0,0.000111368062317,0.000104256698358,0.0477844114024,0.00575506654567,0.0233165633601,0.0448738351452]",1.0
b7lZgrI94Bp3XMOf6vuJ,"[0.0,0.0311968623009,0.00988036852458,0.00146195652174,0.00217203742034,0.00135295260295,0.0714183613608,0.0077676787655,0.0361043212912,0.838645461212]",9.0
8ITycVmn7jY6AGDL2vep,"[0.0,0.005,0.970384615385,0.0,0.0,0.0,0.01,0.005,0.0,0.00961538461538]",2.0
IpiH1PbUFYZwRWe2jl5t,"[0.0,0.0159573944574,0.971185185185,0.0,0.0,0.0,0.00157763532764,0.00037037037037,0.010863960114,4.54545454545e-05]",2.0
JEbogFC9kPnGSdi2KDaZ,"[0.0,0.0,0.0,0.995,0.0,0.0,0.0,0.0,0.005,0.0]",3.0
4l7o0adxGiDvStmFVnzb,"[0.0,0.894462585063,0.0575462962963,0.005,0.000178034728984,0.000114743589744,0.0103154411779,0.0151300665457,0.0068677803636,0.0103850522352]",1.0
FjeNJD8d04AakcKu5qCp,"[0.0,5.55555555556e-05,0.00517651888342,0.005,0.0,0.0,0.00013986013986,6.09756097561e-05,0.989567089811,0.0]",8.0
2Oc314s6WqFiIAd9yHN0,"[0.0,0.00100284900285,0.984935185185,0.0,0.0,0.0,0.00657763532764,0.00037037037037,0.00711396011396,0.0]",2.0
538txwsfQ9diHIU4WREa,"[0.0,0.000634920634921,0.0025,0.987579365079,0.000396825396825,0.000396825396825,0.00809523809524,0.0,0.000396825396825,0.0]",3.0
IrD2NqBzMT4euJQbXyv0,"[0.0,0.0213318806784,0.0100833333333,0.0,0.00488565216765,0.000113636363636,0.0376382372038,0.0151201093211,0.0133462129999,0.897480937932]",9.0
Ga17B5qZe6VoM0kCxTAF,"[0.0,0.593693727017,0.0286294326241,0.0,0.019549109083,0.000234588106929,0.064992245828,0.000356558845457,0.0235216384083,0.269022700087]",1.0
C1Dr4KzRJ2pN0jqG8lAI,"[0.0,0.0302995687068,0.0253571428571,0.123095238095,0.0120701576861,0.00154220779221,0.190909782669,0.0200694444444,0.0152440713101,0.581412386439]",9.0
CWuq8TUdkQPBJOc40znp,"[0.0,0.0696922678943,0.168911682786,0.0309043927649,0.104975401309,0.000795339412361,0.109078241053,0.130550707741,0.268452358173,0.116639608866]",8.0
8YF6Rbc7mGV5udHJPMpI,"[0.0,0.148157910305,0.0796420446179,0.00439548924197,0.00768880870926,0.00647070571273,0.58191478023,0.00741010738606,0.112843343877,0.0514768099198]",6.0
epLciPaHrTu1gl4CW7Uf,"[0.0,0.204367896811,0.032541700437,0.0282575479566,0.174372480989,0.0780863231188,0.289676024152,0.00760246652067,0.127289928497,0.0578056315172]",6.0
duYKP0sJ6pINyZRmOCWF,"[0.0,0.19089186006,0.0938491588664,0.00921991129785,0.0213257434181,0.0137522154106,0.0525262832874,0.0268943606146,0.530822810582,0.0607176564627]",8.0
601qhanLfC3oB4HeIWS5,"[0.0,0.0758466157428,0.0286616324176,0.0781913158859,0.0602456334694,0.0249135175994,0.555538635098,0.00565215016926,0.0739083974259,0.0970421021915]",6.0
Hz8NEvBRqL31AdfQgmFn,"[0.0,0.486957109323,0.0680322737631,0.0174666702386,0.0538487075192,0.0307801561777,0.214697861758,0.00700616578291,0.112020065601,0.00919098983578]",1.0
4pLtjmWkx3OYwiADERhg,"[0.0,0.123990074895,0.313394929342,0.00521947723371,0.0929421889099,0.0138461839926,0.142402678129,0.0556087128195,0.202601547041,0.049994207638]",2.0
IETGJWiuU7As6SPewtOk,"[0.0,0.0,1.0,0.0,0.0,0.0,0.0,0.0,0.0,0.0]",2.0
jbkwtqSZ6HavpN7Rr8el,"[0.0,0.0191463597219,0.00108333333333,0.0,0.00533974821285,0.000113636363636,0.0330386248007,0.00345344265439,0.0170878796666,0.920736975247]",9.0
9AFl6gbmVOB8zWPISnX0,"[0.0,0.881742604621,0.0464771151179,0.0,0.000114743589744,0.00805391589992,0.0231620821188,0.0101300665457,0.0165255001095,0.0137939719976]",1.0
iHmI5snqhCFBXafvzbJE,"[0.0,0.00990838375108,0.98975,0.0,0.0,5.61797752809e-05,9.61538461538e-05,0.0,0.000189282627485,0.0]",2.0
9gpKWS6osX5Fq8E4UCLr,"[0.0,5.55555555556e-05,0.000176518883415,0.005,0.0,0.005,0.00013986013986,6.09756097561e-05,0.989567089811,0.0]",8.0
aBfoqskHcug13y7W8REp,"[0.0,0.0148760330579,0.98,0.0,0.0,0.0,0.0,0.0,4.13223140496e-05,0.0050826446281]",2.0
bf4dGqaUvH7SPuORJ6cC,"[0.0,0.005,0.975,0.005,0.0,0.0,0.005,0.0,0.0,0.01]",2.0
JHw78Zjm5qPh6iG0SDXz,"[0.0,5.55555555556e-05,0.000176518883415,0.0,0.0,0.0,0.0101398601399,6.09756097561e-05,0.989567089811,0.0]",8.0
lS0IVqXeJrN6Dzi9Pap1,"[0.0,0.0135164440344,0.0313387665153,0.00142000568343,0.809834547068,0.00651804703575,0.0718335989568,0.0179309741132,0.0389496800848,0.00865793650794]",4.0
9LQfr8w371dNWSsRI4Xv,"[0.0,0.0200769230769,0.934846153846,0.01,0.0,0.0,0.005,0.0,0.0150769230769,0.015]",2.0
6EnhedlGIKp14bXusfwo,"[0.0,0.0239006120694,0.0287983152448,0.00124824929972,0.815995487829,0.00762577867609,0.0437484213883,0.0321558759351,0.0431066967869,0.00342056277056]",4.0
BHLfroQK5gUuSxhR7E38,"[0.0,0.0261111111111,0.944375,0.00333333333333,0.0,0.0,0.005,0.005,0.0111805555556,0.005]",2.0
gZyCkLSlHf0x35REWhjm,"[0.0,0.0107590323278,0.021275490847,0.00183520582146,0.883924117832,0.00337160692192,0.0390084406458,0.00691446895029,0.0321485414157,0.000763095238095]",4.0
JXkn1EudrFKLeSxT35It,"[0.0,0.910462011442,0.00914190823235,0.00176330532213,0.00277457716681,0.00673814857577,0.0209785603285,0.000833333333333,0.0437827682901,0.0035253873089]",1.0
K25LZ9q8BDCWP0VpjxXw,"[0.0,0.0761474852521,0.067283117441,0.00893112864997,0.0976723848551,0.0232428530956,0.571966090267,0.0321487160278,0.116443754588,0.0061644698231]",6.0
65jWRh4GwFlqfZsgdHCc,"[0.0,0.00323110548464,8.33333333333e-05,0.0,0.0179280628819,0.000827922077922,0.0171610466378,0.00193434543217,0.0241863992026,0.93464778495]",9.0
E5LABwGCpSmbsKQ40Vlk,"[0.0,0.00505555555556,0.000176518883415,0.0,0.0,0.0,0.00013986013986,6.09756097561e-05,0.994567089811,0.0]",8.0
7JjQBd2CAyvtgYlSL0e3,"[0.0,0.01,0.965,0.0,0.0,0.0,0.015,0.0,0.005,0.005]",2.0
FdMkgDZaeJus2vTPIxGH,"[0.0,0.00996872082166,0.00754208884021,0.0,0.00790758676352,0.000196078431373,0.0115461175581,0.00506097560976,0.952116607924,0.00566182405165]",8.0
9N06grZ2fCsGxpvicaoQ,"[0.0,0.0241111111111,0.915,0.00333333333333,0.01,0.0,0.0,0.005,0.0165555555556,0.026]",2.0
Fu7M5iY1R6xDoKWGrcpJ,"[0.0,0.04,0.925,0.005,0.0,0.0,0.01,0.005,0.01,0.005]",2.0
alNJ9v5fdyO2QXruVFsp,"[0.0,0.0578279138061,0.0631689890378,0.019494047619,0.317677835775,0.0224916464163,0.234541056828,0.112521142151,0.142745682531,0.0295316858349]",4.0
3mCGDSjRVxpeoaYXLfc9,"[0.0,0.0408220400759,0.01,0.105380952381,0.0189100621067,0.000113636363636,0.113276216012,0.000120109321059,0.0254712178263,0.685905765914]",9.0
acsNRgv9KxMnXAE2YSI6,"[0.0,0.00225,0.00634010834219,0.000147058823529,0.0350139223662,0.00149763353617,0.00716341076661,0.925119646406,0.0198769499179,0.00259126984127]",7.0
kh3ui6jzm0Q1T2IrMG8a,"[0.0,0.0441553366174,0.859474390552,0.005,0.000555555555556,0.0,0.0387444444444,0.000192307692308,0.0251335206939,0.0267444444444]",2.0
ADzc7SVJd1YE69kCZv5y,"[0.0,0.0269166666667,0.918,0.0,0.005,0.0,0.005,0.0166666666667,0.00341666666667,0.025]",2.0
JQHf0c52agNmervIpCkT,"[0.0,0.030640938062,0.0200833333333,0.01,0.00554901965535,0.005,0.0586548936704,0.0201349431818,0.0206276697298,0.829309202367]",9.0
FsCzyGSN5qLRDgxh81if,"[0.0,0.00113095238095,0.00274857690203,0.0,0.00124579609459,0.0,0.00217670401494,0.981645216172,0.00829481792717,0.00275793650794]",7.0
c6aJtveQr9l5gsinVXRY,"[0.0,0.00681204212454,0.0140184181719,0.005,0.029184619424,0.0,0.00593394554792,0.907178637,0.0303183275058,0.00155401022589]",7.0
DA8ntQHk3jbds6JCVmq9,"[0.0,0.253170454545,0.278333333333,0.015,0.0,0.0,0.095446969697,0.0692234848485,0.0425,0.246325757576]",2.0
drj8265K4UhucxtI7ERX,"[0.0,0.00755555555556,0.00517651888342,0.0,0.0,0.0,0.00263986013986,0.00506097560976,0.974567089811,0.005]",8.0
hcwtORMJqx6kPiQzVjbX,"[0.0,0.00505555555556,0.000176518883415,0.0,0.0,0.0,0.00013986013986,6.09756097561e-05,0.994567089811,0.0]",8.0
h3sORpAu1ScivEPIrBl0,"[0.0,0.863350975314,0.0450462962963,0.0,4.80769230769e-05,0.00260425669836,0.0176247563353,0.0167967332123,0.0192231246943,0.0353057805265]",1.0
j04fOHCJNI2TkB3lPVyv,"[0.0,0.00858161999291,0.0204212150066,0.000294117647059,0.059506407042,0.00103103822174,0.00530547272126,0.863228736778,0.0352175421037,0.00641385048643]",7.0
CKIT85YvdjSMoQr09A2L,"[0.0,0.015,0.935,0.01,0.0,0.0,0.015,0.0,0.02,0.005]",2.0
bHT5pg8MuXLF2UZAwxBc,"[0.0,0.01875,0.935625,0.005,0.0,0.0,0.0103125,0.0,0.0203125,0.01]",2.0
4Z17cDB6CQHvsNSxlwkR,"[0.0,0.107263872971,0.668368533615,0.000525,0.023344912338,0.00650862262038,0.0489505695653,0.0155221528668,0.105224269333,0.0242920666907]",2.0
Jx4hzsGNkP7lWd5qRXYS,"[0.0,0.04,0.93,0.0,0.0,0.0,0.01,0.005,0.0,0.015]",2.0
Kvxm20yICftr8djGVqUA,"[0.0,0.00113095238095,0.0130541324576,0.0,0.0120513516501,0.0,0.00217670401494,0.965534105061,0.00496148459384,0.00109126984127]",7.0
2qgetG9lN5EZdfQXH4a8,"[0.0,0.820127659391,0.105094839986,0.01,0.00365918803419,0.000104256698358,0.00838187702265,0.0100862068966,0.0243001300207,0.0182458419505]",1.0
hGP3VcgJjFyBL9IpAtZw,"[0.0,0.145230860405,0.472639125505,0.0198817308423,0.0277267736826,0.0120339662826,0.123696439315,0.0112754640538,0.148846447291,0.0386691926228]",2.0
3WhAuJ8OlUsk2XT0ImiK,"[0.0,0.0165135418868,0.0484742344662,0.00268522408964,0.696985167891,0.00406250875925,0.0668741325738,0.0642353038913,0.0896128126335,0.0105570738088]",4.0
ij6XhzqMWJFI8t4SUvQy,"[0.0,0.00507692307692,0.98475,0.0,0.0,0.0,0.00176282051282,0.0,0.00507692307692,0.00333333333333]",2.0
hmYPrWvVtO4Deu6J7E5i,"[0.0,0.0809141906086,0.639346028735,0.00464705882353,0.0136981105202,0.00309456641682,0.0713164805849,0.00837308227207,0.152112799402,0.0264976826375]",2.0
3EMZ7J5djsBm1cwHhtSF,"[0.0,0.0253571428571,0.932619047619,0.0,0.00345238095238,0.0,0.0128571428571,0.01,0.0154761904762,0.000238095238095]",2.0
6KwsJTWMeuikr1bUGoIN,"[0.0,0.105907117973,0.124476236656,0.0014126984127,0.0926674956928,0.0285291229297,0.0760393802518,0.0435582114154,0.512968449987,0.0144412866824]",8.0
FXGvem2ls1xYbt7rkN3u,"[0.0,0.0962818972791,0.146453571628,0.00114705882353,0.143073160034,0.003587135078,0.0778619944525,0.254201890936,0.252141815539,0.0252514762297]",7.0
fOV9M2CJpEwILlGYFqi6,"[0.0,0.817757528445,0.0119505782275,0.000327956989247,0.0158156755949,0.0133672796495,0.031942490257,0.0123760413311,0.0712975774133,0.0251648720927]",1.0
gKxq7SlW5RUHM0ru41Ta,"[0.0,0.194240100506,0.0891355704417,0.00871991129785,0.0128798997705,0.0143077709661,0.0574467246556,0.0284284515237,0.533868669805,0.0609729010336]",8.0
eRf9nXMwWl8OG0TxbgKv,"[0.0,0.0432628816086,0.825377325566,0.000714285714286,0.00585732221325,0.00589001035197,0.0436227157964,0.00258485958486,0.058157183741,0.0145334154232]",2.0
bfW5kuzpZcGC0SmdjLi4,"[0.0,0.000326923076923,0.99775,0.0,0.0,0.0,9.61538461538e-05,0.0,0.00182692307692,0.0]",2.0
3nyoF8wIxz4g7husN2e1,"[0.0,0.138665198678,0.130223946083,0.0,0.040010985013,0.0117782694053,0.0589943626008,0.0521615713534,0.531697956741,0.0364677101252]",8.0
8JButIKigxSbR9cZ75qv,"[0.0,0.767590503089,0.0208877249445,0.00218686868687,0.0299225799134,0.0219443495555,0.0696651562822,0.00127139208174,0.0705484787658,0.0159829466814]",1.0
cd2W8FxsrJDnOHZGEiet,"[0.0,0.0220651611742,0.0687398399817,0.00133689839572,0.136368810455,0.00611695906433,0.152599228824,0.446670116648,0.159813302918,0.00628968253968]",7.0
6fGrBcm3LauS0qyoYHNj,"[0.0,0.005,0.99,0.0,0.0,0.0,0.005,0.0,0.0,0.0]",2.0
L0xnGubfYwOPpQAgVNvo,"[0.0,0.00406718281718,0.0170154589979,0.0,0.0331241358704,0.0,0.00631072385408,0.916428274906,0.0215783383283,0.00147588522589]",7.0
fcxK8BVZ2TaepP3AnvL9,"[0.0,0.0135835877541,0.0152960992908,0.0,0.00825081420469,0.000106382978723,0.0203562706227,0.000374061744227,0.0334227776784,0.908610005726]",9.0
ejWZLdoSr0vAu5JlaYUV,"[0.0,0.00532394688645,0.0156623745823,0.0,0.0320972570424,0.00669696969697,0.00872508129896,0.898373531263,0.0259407883783,0.00718005085193]",7.0
